"STATION","NAME","DATE","AWND","PGTM","PRCP","SNOW","SNWD","TAVG","TMAX","TMIN","WDF2","WDF5","WSF2","WSF5"
"USW00094846","CHICAGO OHARE INTERNATIONAL AIRPORT, IL US","2015-01-01","14.54",,"0.00","0.0","0.0","20","32","14","  240","  250","23.9","30.0"
"USW00094846","CHICAGO OHARE INTERNATIONAL AIRPORT, IL US","2015-01-02","4.70",,"0.00","0.0","0.0","26","34","15","  150","  150","12.1","13.0"
"USW00094846","CHICAGO OHARE INTERNATIONAL AIRPORT, IL US","2015-01-03","5.59",,"0.57","0.4","0.0","31","34","29","  140","  140","13.0","14.1"
"USW00094846","CHICAGO OHARE INTERNATIONAL AIRPORT, IL US","2015-01-04","15.88",,"0.13","2.2","1.2","29","33","2","  320","  320","25.9","31.1"
"USW00094846","CHICAGO OHARE INTERNATIONAL AIRPORT, IL US","2015-01-05","10.29",,"0.15","1.8","2.0","2","6","-3","  310","  310","21.9","25.9"
"USW00094846","CHICAGO OHARE INTERNATIONAL AIRPORT, IL US","2015-01-06","13.87",,"0.01","0.2","3.9","5","10","-5","  270","  280","23.9","30.0"
"USW00094846","CHICAGO OHARE INTERNATIONAL AIRPORT, IL US","2015-01-07","17.45",,"0.00","0.0","3.1","3","6","-6","  330","  320","28.0","33.1"
"USW00094846","CHICAGO OHARE INTERNATIONAL AIRPORT, IL US","2015-01-08","17.67",,"0.06","3.0","3.1","-2","18","-8","  300","  300","28.0","38.9"
"USW00094846","CHICAGO OHARE INTERNATIONAL AIRPORT, IL US","2015-01-09","16.55",,"0.00","0.0","5.1","8","11","0","  330","  330","30.0","38.0"
"USW00094846","CHICAGO OHARE INTERNATIONAL AIRPORT, IL US","2015-01-10","11.63",,"0.00","0.0","3.9","5","24","-2","  180","  190","21.9","27.1"
"USW00094846","CHICAGO OHARE INTERNATIONAL AIRPORT, IL US","2015-01-11","8.28",,"0.19","2.6","3.9","26","32","22","  180","  180","18.1","21.0"
"USW00094846","CHICAGO OHARE INTERNATIONAL AIRPORT, IL US","2015-01-12","12.75",,"0.00","0.4","5.9","23","28","15","   10","   10","21.0","25.1"
"USW00094846","CHICAGO OHARE INTERNATIONAL AIRPORT, IL US","2015-01-13","7.61",,"0.00","0.2","5.9","17","19","3","   50","   50","19.9","23.0"
"USW00094846","CHICAGO OHARE INTERNATIONAL AIRPORT, IL US","2015-01-14","6.49",,"0.00","0.0","5.9","11","19","1","  220","  220","14.1","18.1"
"USW00094846","CHICAGO OHARE INTERNATIONAL AIRPORT, IL US","2015-01-15","10.07",,"0.00","0.0","5.1","22","34","17","  240","  230","21.0","27.1"
"USW00094846","CHICAGO OHARE INTERNATIONAL AIRPORT, IL US","2015-01-16","8.28",,"0.00","0.0","3.9","28","34","23","  140","  140","15.0","18.1"
"USW00094846","CHICAGO OHARE INTERNATIONAL AIRPORT, IL US","2015-01-17","15.43",,"0.00","0.0","3.9","34","42","26","  210","  220","28.0","36.9"
"USW00094846","CHICAGO OHARE INTERNATIONAL AIRPORT, IL US","2015-01-18","10.51",,"0.00","0.0","0.0","37","40","27","  300","  240","19.9","23.9"
"USW00094846","CHICAGO OHARE INTERNATIONAL AIRPORT, IL US","2015-01-19","5.37",,"0.00","0.0","0.0","32","41","25","  100","  100","12.1","13.0"
"USW00094846","CHICAGO OHARE INTERNATIONAL AIRPORT, IL US","2015-01-20","7.38",,"0.00","0.0","0.0","34","36","29","   40","   50","17.0","23.0"
"USW00094846","CHICAGO OHARE INTERNATIONAL AIRPORT, IL US","2015-01-21","7.61",,"0.01","0.1","0.0","31","33","29","   20","   40","14.1","17.0"
"USW00094846","CHICAGO OHARE INTERNATIONAL AIRPORT, IL US","2015-01-22","6.93",,"0.00","0.0","0.0","30","31","28","  260","  230","15.0","19.0"
"USW00094846","CHICAGO OHARE INTERNATIONAL AIRPORT, IL US","2015-01-23","11.41",,"0.00","0.0","0.0","30","31","29","  220","  260","17.0","23.9"
"USW00094846","CHICAGO OHARE INTERNATIONAL AIRPORT, IL US","2015-01-24","8.05",,"0.00","0.0","0.0","33","43","29","  260","  260","18.1","23.9"
"USW00094846","CHICAGO OHARE INTERNATIONAL AIRPORT, IL US","2015-01-25","14.54",,"0.08","0.6","0.0","31","34","24","   40","   50","25.9","35.1"
"USW00094846","CHICAGO OHARE INTERNATIONAL AIRPORT, IL US","2015-01-26","5.59",,"0.07","1.0","0.0","23","26","15","   60","   60","13.0","16.1"
"USW00094846","CHICAGO OHARE INTERNATIONAL AIRPORT, IL US","2015-01-27","6.04",,"0.00","0.0","1.2","27","32","20","   40","   40","13.0","15.0"
"USW00094846","CHICAGO OHARE INTERNATIONAL AIRPORT, IL US","2015-01-28","10.96",,"0.01","0.0","1.2","26","34","19","  170","  160","19.9","25.1"
"USW00094846","CHICAGO OHARE INTERNATIONAL AIRPORT, IL US","2015-01-29","13.87",,"0.01","0.1","1.2","33","35","28","  320","  330","25.9","35.1"
"USW00094846","CHICAGO OHARE INTERNATIONAL AIRPORT, IL US","2015-01-30","7.38",,"0.00","0.0","1.2","27","30","18","  350","   10","19.9","27.1"
"USW00094846","CHICAGO OHARE INTERNATIONAL AIRPORT, IL US","2015-01-31","6.93",,"0.12","1.3","0.0","27","36","19","  250","  250","16.1","19.0"
"USW00094846","CHICAGO OHARE INTERNATIONAL AIRPORT, IL US","2015-02-01","18.34",,"0.87","16.2","3.9","29","31","19","   40","   40","30.0","38.9"
"USW00094846","CHICAGO OHARE INTERNATIONAL AIRPORT, IL US","2015-02-02","12.75",,"0.05","1.8","18.1","15","19","6","  350","  350","23.9","31.1"
"USW00094846","CHICAGO OHARE INTERNATIONAL AIRPORT, IL US","2015-02-03","5.37",,"0.09","1.6","16.9","13","26","2","  220","  210","15.0","18.1"
"USW00094846","CHICAGO OHARE INTERNATIONAL AIRPORT, IL US","2015-02-04","10.51",,"0.02","0.3","16.1","21","25","4","  340","  340","19.9","23.9"
"USW00094846","CHICAGO OHARE INTERNATIONAL AIRPORT, IL US","2015-02-05","8.95",,"0.00","0.0","15.0","7","15","-2","  240","  240","19.9","25.1"
"USW00094846","CHICAGO OHARE INTERNATIONAL AIRPORT, IL US","2015-02-06","8.50",,"0.00","0.0","14.2","17","31","13","  250","  230","18.1","25.9"
"USW00094846","CHICAGO OHARE INTERNATIONAL AIRPORT, IL US","2015-02-07","7.61",,"0.00","0.0","14.2","29","41","18","  200","  230","16.1","21.0"
"USW00094846","CHICAGO OHARE INTERNATIONAL AIRPORT, IL US","2015-02-08","9.84",,"0.01","0.0","9.1","36","39","25","   10","   10","23.0","29.1"
"USW00094846","CHICAGO OHARE INTERNATIONAL AIRPORT, IL US","2015-02-09","12.30",,"0.00","0.0","5.9","26","27","19","   10","   10","21.0","25.1"
"USW00094846","CHICAGO OHARE INTERNATIONAL AIRPORT, IL US","2015-02-10","7.83",,"0.00","0.0","5.9","25","33","14","  160","  150","19.9","23.9"
"USW00094846","CHICAGO OHARE INTERNATIONAL AIRPORT, IL US","2015-02-11","13.42",,"0.00","0.0","5.9","31","35","18","  310","  290","23.0","29.1"
"USW00094846","CHICAGO OHARE INTERNATIONAL AIRPORT, IL US","2015-02-12","12.97",,"0.00","0.0","5.9","16","18","8","  340","  350","28.0","34.0"
"USW00094846","CHICAGO OHARE INTERNATIONAL AIRPORT, IL US","2015-02-13","10.51",,"0.00","0.0","5.1","11","26","5","  220","  220","21.0","25.9"
"USW00094846","CHICAGO OHARE INTERNATIONAL AIRPORT, IL US","2015-02-14","19.46",,"0.00","0.2","5.1","19","27","1","  330","  340","38.0","48.1"
"USW00094846","CHICAGO OHARE INTERNATIONAL AIRPORT, IL US","2015-02-15","9.17",,"0.03","0.2","5.1","4","15","-3","  330","  340","21.0","25.1"
"USW00094846","CHICAGO OHARE INTERNATIONAL AIRPORT, IL US","2015-02-16","4.92",,"0.00","0.0","5.1","12","18","5","  280","  280","12.1","14.1"
"USW00094846","CHICAGO OHARE INTERNATIONAL AIRPORT, IL US","2015-02-17","12.30",,"0.00","0.1","5.1","17","19","8","  290","  290","19.9","23.9"
"USW00094846","CHICAGO OHARE INTERNATIONAL AIRPORT, IL US","2015-02-18","15.21",,"0.00","0.0","5.1","7","8","-3","  290","  290","25.9","32.0"
"USW00094846","CHICAGO OHARE INTERNATIONAL AIRPORT, IL US","2015-02-19","11.41",,"0.00","0.0","5.1","-2","4","-8","  330","  310","23.0","27.1"
"USW00094846","CHICAGO OHARE INTERNATIONAL AIRPORT, IL US","2015-02-20","13.20",,"0.01","0.2","5.1","3","18","-7","  170","  180","23.9","29.1"
"USW00094846","CHICAGO OHARE INTERNATIONAL AIRPORT, IL US","2015-02-21","4.25",,"0.00","0.0","5.1","22","32","17","  200","  210","12.1","15.0"
"USW00094846","CHICAGO OHARE INTERNATIONAL AIRPORT, IL US","2015-02-22","13.20",,"0.00","0.0","5.1","21","28","2","  330","  330","21.9","23.9"
"USW00094846","CHICAGO OHARE INTERNATIONAL AIRPORT, IL US","2015-02-23","9.84",,"0.00","0.0","5.1","4","12","-4","  350","  340","21.0","25.1"
"USW00094846","CHICAGO OHARE INTERNATIONAL AIRPORT, IL US","2015-02-24","15.88",,"0.01","0.1","5.1","11","29","4","  240","  240","25.9","35.1"
"USW00094846","CHICAGO OHARE INTERNATIONAL AIRPORT, IL US","2015-02-25","7.83",,"0.17","2.0","5.1","21","26","10","   20","  330","15.0","19.9"
"USW00094846","CHICAGO OHARE INTERNATIONAL AIRPORT, IL US","2015-02-26","12.53",,"0.17","3.7","9.8","17","19","0","   40","   20","19.9","23.0"
"USW00094846","CHICAGO OHARE INTERNATIONAL AIRPORT, IL US","2015-02-27","8.28",,"0.00","0.0","9.8","6","14","-2","  260","  240","14.1","17.0"
"USW00094846","CHICAGO OHARE INTERNATIONAL AIRPORT, IL US","2015-02-28","5.37",,"0.02","0.4","9.1","6","21","-10","  180","  180","13.0","15.0"
"USW00094846","CHICAGO OHARE INTERNATIONAL AIRPORT, IL US","2015-03-01","6.93",,"0.00","0.0","9.1","18","25","10","  250","  290","17.0","23.0"
"USW00094846","CHICAGO OHARE INTERNATIONAL AIRPORT, IL US","2015-03-02","7.38",,"0.00","0.0","7.9","21","33","13","  190","  280","15.0","18.1"
"USW00094846","CHICAGO OHARE INTERNATIONAL AIRPORT, IL US","2015-03-03","13.42",,"0.13","0.7","9.1","28","34","24","  190","  280","23.0","29.1"
"USW00094846","CHICAGO OHARE INTERNATIONAL AIRPORT, IL US","2015-03-04","13.42",,"0.00","0.0","7.9","24","31","10","  330","  300","23.0","31.1"
"USW00094846","CHICAGO OHARE INTERNATIONAL AIRPORT, IL US","2015-03-05","9.62",,"0.00","0.0","7.1","12","16","3","  280","  310","16.1","23.0"
"USW00094846","CHICAGO OHARE INTERNATIONAL AIRPORT, IL US","2015-03-06","13.20",,"0.00","0.0","7.1","12","27","0","  180","  200","23.9","30.0"
"USW00094846","CHICAGO OHARE INTERNATIONAL AIRPORT, IL US","2015-03-07","10.51",,"0.00","0.0","7.1","32","44","24","  280","  280","19.9","23.9"
"USW00094846","CHICAGO OHARE INTERNATIONAL AIRPORT, IL US","2015-03-08","6.71",,"0.00","0.0","3.9","35","40","28","  250","  250","16.1","19.9"
"USW00094846","CHICAGO OHARE INTERNATIONAL AIRPORT, IL US","2015-03-09","6.26",,"0.00","0.0","3.9","37","50","25","  180","  200","14.1","17.0"
"USW00094846","CHICAGO OHARE INTERNATIONAL AIRPORT, IL US","2015-03-10","6.71",,"0.00","0.0","0.0","40","51","35","  220","  200","14.1","18.1"
"USW00094846","CHICAGO OHARE INTERNATIONAL AIRPORT, IL US","2015-03-11","6.26",,"0.00","0.0","0.0","42","51","30","   60","   60","16.1","19.0"
"USW00094846","CHICAGO OHARE INTERNATIONAL AIRPORT, IL US","2015-03-12","8.50",,"0.00","0.0","0.0","42","56","28","  170","  170","18.1","21.9"
"USW00094846","CHICAGO OHARE INTERNATIONAL AIRPORT, IL US","2015-03-13","5.82",,"0.00","0.0","0.0","47","65","37","  190","  190","13.0","16.1"
"USW00094846","CHICAGO OHARE INTERNATIONAL AIRPORT, IL US","2015-03-14","12.30",,"0.00","0.0","0.0","51","60","37","  320","  310","25.9","31.1"
"USW00094846","CHICAGO OHARE INTERNATIONAL AIRPORT, IL US","2015-03-15","10.29",,"0.00","0.0","0.0","45","62","29","  250","  220","23.9","30.0"
"USW00094846","CHICAGO OHARE INTERNATIONAL AIRPORT, IL US","2015-03-16","12.75",,"0.00","0.0","0.0","58","73","42","   20","   10","30.0","38.9"
"USW00094846","CHICAGO OHARE INTERNATIONAL AIRPORT, IL US","2015-03-17","14.09",,"0.00","0.0","0.0","45","45","28","   20","   20","30.0","40.0"
"USW00094846","CHICAGO OHARE INTERNATIONAL AIRPORT, IL US","2015-03-18","4.70",,"0.00","0.0","0.0","37","50","28","  100","  100","14.1","17.0"
"USW00094846","CHICAGO OHARE INTERNATIONAL AIRPORT, IL US","2015-03-19","7.83",,"0.00","0.0","0.0","42","46","37","  130","  130","21.9","25.9"
"USW00094846","CHICAGO OHARE INTERNATIONAL AIRPORT, IL US","2015-03-20","8.95",,"0.00","0.0","0.0","42","50","38","  220","  210","18.1","23.0"
"USW00094846","CHICAGO OHARE INTERNATIONAL AIRPORT, IL US","2015-03-21","10.29",,"0.00","0.0","0.0","42","49","32","  360","  360","21.0","29.1"
"USW00094846","CHICAGO OHARE INTERNATIONAL AIRPORT, IL US","2015-03-22","10.96",,"0.02","0.2","0.0","32","35","26","   40","   60","18.1","23.9"
"USW00094846","CHICAGO OHARE INTERNATIONAL AIRPORT, IL US","2015-03-23","10.74",,"0.61","5.6","2.0","29","31","28","  100","   60","17.0","27.1"
"USW00094846","CHICAGO OHARE INTERNATIONAL AIRPORT, IL US","2015-03-24","11.41",,"0.04","0.0","5.1","30","37","19","  100","  130","21.9","23.9"
"USW00094846","CHICAGO OHARE INTERNATIONAL AIRPORT, IL US","2015-03-25","11.18",,"0.25","0.0","2.0","37","41","35","  270","  260","21.9","28.0"
"USW00094846","CHICAGO OHARE INTERNATIONAL AIRPORT, IL US","2015-03-26","11.18",,"0.00","0.0","0.0","37","42","31","  320","  290","17.0","25.1"
"USW00094846","CHICAGO OHARE INTERNATIONAL AIRPORT, IL US","2015-03-27","11.86",,"0.04","0.6","1.2","29","31","21","   20","  350","23.0","29.1"
"USW00094846","CHICAGO OHARE INTERNATIONAL AIRPORT, IL US","2015-03-28","7.16",,"0.00","0.0","0.0","27","36","20","   40","  120","15.0","19.0"
"USW00094846","CHICAGO OHARE INTERNATIONAL AIRPORT, IL US","2015-03-29","15.21",,"0.01","0.0","0.0","32","47","24","  190","  180","30.0","36.9"
"USW00094846","CHICAGO OHARE INTERNATIONAL AIRPORT, IL US","2015-03-30","10.74",,"0.00","0.0","0.0","46","61","34","  280","  220","21.9","30.0"
"USW00094846","CHICAGO OHARE INTERNATIONAL AIRPORT, IL US","2015-03-31","8.50",,"0.00","0.0","0.0","49","58","39","  250","  250","23.0","29.1"
"USW00094846","CHICAGO OHARE INTERNATIONAL AIRPORT, IL US","2015-04-01","11.41",,"0.00","0.0","0.0","52","72","35","  180","  180","28.0","34.0"
"USW00094846","CHICAGO OHARE INTERNATIONAL AIRPORT, IL US","2015-04-02","11.18",,"0.36","0.0","0.0","58","65","50","  190","  190","23.0","28.0"
"USW00094846","CHICAGO OHARE INTERNATIONAL AIRPORT, IL US","2015-04-03","10.51",,"0.00","0.0","0.0","50","53","30","   20","   20","21.9","25.9"
"USW00094846","CHICAGO OHARE INTERNATIONAL AIRPORT, IL US","2015-04-04","11.41",,"0.00","0.0","0.0","40","58","28","  250","  250","29.1","36.9"
"USW00094846","CHICAGO OHARE INTERNATIONAL AIRPORT, IL US","2015-04-05","9.84",,"0.00","0.0","0.0","53","66","36","  240","  240","21.0","29.1"
"USW00094846","CHICAGO OHARE INTERNATIONAL AIRPORT, IL US","2015-04-06","6.71",,"0.04","0.0","0.0","45","62","34","   50","   20","17.0","21.9"
"USW00094846","CHICAGO OHARE INTERNATIONAL AIRPORT, IL US","2015-04-07","13.87",,"0.00","0.0","0.0","40","46","38","  100","  100","21.0","28.0"
"USW00094846","CHICAGO OHARE INTERNATIONAL AIRPORT, IL US","2015-04-08","8.95",,"0.05","0.0","0.0","44","50","40","   50","   50","17.0","25.1"
"USW00094846","CHICAGO OHARE INTERNATIONAL AIRPORT, IL US","2015-04-09","13.87",,"1.41","0.0","0.0","51","71","41","  240","  260","33.1","46.1"
"USW00094846","CHICAGO OHARE INTERNATIONAL AIRPORT, IL US","2015-04-10","17.22",,"0.00","0.0","0.0","53","62","39","  290","  250","35.1","46.1"
"USW00094846","CHICAGO OHARE INTERNATIONAL AIRPORT, IL US","2015-04-11","7.61",,"0.00","0.0","0.0","48","62","38","  240","  250","16.1","23.0"
"USW00094846","CHICAGO OHARE INTERNATIONAL AIRPORT, IL US","2015-04-12","10.74",,"0.00","0.0","0.0","55","68","41","  180","  190","23.0","28.0"
"USW00094846","CHICAGO OHARE INTERNATIONAL AIRPORT, IL US","2015-04-13","12.53",,"0.22","0.0","0.0","60","65","49","  300","  330","25.1","34.0"
"USW00094846","CHICAGO OHARE INTERNATIONAL AIRPORT, IL US","2015-04-14","4.92",,"0.00","0.0","0.0","56","66","39","   80","  120","12.1","16.1"
"USW00094846","CHICAGO OHARE INTERNATIONAL AIRPORT, IL US","2015-04-15","10.74",,"0.00","0.0","0.0","54","64","43","   60","   70","18.1","23.9"
"USW00094846","CHICAGO OHARE INTERNATIONAL AIRPORT, IL US","2015-04-16","6.49",,"0.00","0.0","0.0","53","66","45","  100","   70","16.1","23.0"
"USW00094846","CHICAGO OHARE INTERNATIONAL AIRPORT, IL US","2015-04-17","5.14",,"0.00","0.0","0.0","60","78","45","  270","  250","14.1","17.0"
"USW00094846","CHICAGO OHARE INTERNATIONAL AIRPORT, IL US","2015-04-18","10.29",,"0.00","0.0","0.0","60","65","47","   20","   20","25.9","33.1"
"USW00094846","CHICAGO OHARE INTERNATIONAL AIRPORT, IL US","2015-04-19","9.62",,"0.46","0.0","0.0","56","68","48","   60","   80","16.1","23.0"
"USW00094846","CHICAGO OHARE INTERNATIONAL AIRPORT, IL US","2015-04-20","16.11",,"0.01","0.0","0.0","49","52","41","  270","  270","29.1","36.9"
"USW00094846","CHICAGO OHARE INTERNATIONAL AIRPORT, IL US","2015-04-21","19.91",,"0.00","0.0","0.0","44","54","38","  270","  280","38.0","52.1"
"USW00094846","CHICAGO OHARE INTERNATIONAL AIRPORT, IL US","2015-04-22","13.42",,"0.00","0.0","0.0","40","46","34","  310","  310","25.9","32.0"
"USW00094846","CHICAGO OHARE INTERNATIONAL AIRPORT, IL US","2015-04-23","8.72",,"0.00","0.0","0.0","42","55","32","  310","  300","21.9","27.1"
"USW00094846","CHICAGO OHARE INTERNATIONAL AIRPORT, IL US","2015-04-24","6.71",,"0.16","0.0","0.0","44","57","29","  110","   40","19.9","25.9"
"USW00094846","CHICAGO OHARE INTERNATIONAL AIRPORT, IL US","2015-04-25","12.97",,"0.16","0.0","0.0","44","48","39","   60","   70","21.9","28.0"
"USW00094846","CHICAGO OHARE INTERNATIONAL AIRPORT, IL US","2015-04-26","10.96",,"0.00","0.0","0.0","45","56","35","   20","   20","23.0","30.0"
"USW00094846","CHICAGO OHARE INTERNATIONAL AIRPORT, IL US","2015-04-27","10.07",,"0.00","0.0","0.0","46","55","38","   40","   30","19.9","25.1"
"USW00094846","CHICAGO OHARE INTERNATIONAL AIRPORT, IL US","2015-04-28","4.92",,"0.00","0.0","0.0","46","58","35","   70","   50","16.1","19.9"
"USW00094846","CHICAGO OHARE INTERNATIONAL AIRPORT, IL US","2015-04-29","7.16",,"0.00","0.0","0.0","50","61","38","   60","   60","17.0","21.9"
"USW00094846","CHICAGO OHARE INTERNATIONAL AIRPORT, IL US","2015-04-30","11.41",,"0.00","0.0","0.0","46","51","38","   20","   30","21.0","27.1"
"USW00094846","CHICAGO OHARE INTERNATIONAL AIRPORT, IL US","2015-05-01","5.82",,"0.00","0.0","0.0","50","67","38","  100","  100","14.1","16.1"
"USW00094846","CHICAGO OHARE INTERNATIONAL AIRPORT, IL US","2015-05-02","6.71",,"0.00","0.0","0.0","62","76","50","  220","  210","16.1","21.9"
"USW00094846","CHICAGO OHARE INTERNATIONAL AIRPORT, IL US","2015-05-03","9.84",,"0.42","0.0","0.0","67","78","55","  310","  200","21.9","28.0"
"USW00094846","CHICAGO OHARE INTERNATIONAL AIRPORT, IL US","2015-05-04","8.50",,"0.00","0.0","0.0","65","74","55","  250","  240","18.1","25.9"
"USW00094846","CHICAGO OHARE INTERNATIONAL AIRPORT, IL US","2015-05-05","9.17",,"0.95","0.0","0.0","52","56","47","   80","   60","15.0","19.0"
"USW00094846","CHICAGO OHARE INTERNATIONAL AIRPORT, IL US","2015-05-06","5.82",,"0.00","0.0","0.0","56","77","46","   50","   50","13.0","15.0"
"USW00094846","CHICAGO OHARE INTERNATIONAL AIRPORT, IL US","2015-05-07","11.41",,"0.04","0.0","0.0","67","83","52","  200","  190","29.1","36.9"
"USW00094846","CHICAGO OHARE INTERNATIONAL AIRPORT, IL US","2015-05-08","8.50",,"0.75","0.0","0.0","71","81","63","  200","  190","31.1","42.1"
"USW00094846","CHICAGO OHARE INTERNATIONAL AIRPORT, IL US","2015-05-09","8.95",,"0.29","0.0","0.0","60","64","47","   40","   30","17.0","23.0"
"USW00094846","CHICAGO OHARE INTERNATIONAL AIRPORT, IL US","2015-05-10","9.40",,"0.14","0.0","0.0","49","54","45","   20","   30","17.0","21.9"
"USW00094846","CHICAGO OHARE INTERNATIONAL AIRPORT, IL US","2015-05-11","13.20",,"0.22","0.0","0.0","56","68","47","  280","  270","28.0","36.9"
"USW00094846","CHICAGO OHARE INTERNATIONAL AIRPORT, IL US","2015-05-12","16.78",,"0.00","0.0","0.0","52","56","44","  270","  270","28.0","38.0"
"USW00094846","CHICAGO OHARE INTERNATIONAL AIRPORT, IL US","2015-05-13","9.62",,"0.00","0.0","0.0","48","52","40","   50","   60","16.1","21.9"
"USW00094846","CHICAGO OHARE INTERNATIONAL AIRPORT, IL US","2015-05-14","10.51",,"0.24","0.0","0.0","52","66","43","  140","  170","21.0","25.1"
"USW00094846","CHICAGO OHARE INTERNATIONAL AIRPORT, IL US","2015-05-15","7.83",,"0.00","0.0","0.0","63","76","57","  260","  170","17.0","23.0"
"USW00094846","CHICAGO OHARE INTERNATIONAL AIRPORT, IL US","2015-05-16","7.83",,"0.03","0.0","0.0","69","79","62","  170","  150","16.1","19.9"
"USW00094846","CHICAGO OHARE INTERNATIONAL AIRPORT, IL US","2015-05-17","15.88",,"0.00","0.0","0.0","72","82","66","  190","  160","28.0","36.0"
"USW00094846","CHICAGO OHARE INTERNATIONAL AIRPORT, IL US","2015-05-18","15.43",,"0.00","0.0","0.0","72","77","49","  270","  240","25.9","35.1"
"USW00094846","CHICAGO OHARE INTERNATIONAL AIRPORT, IL US","2015-05-19","10.51",,"0.00","0.0","0.0","50","53","40","  310","  310","18.1","23.9"
"USW00094846","CHICAGO OHARE INTERNATIONAL AIRPORT, IL US","2015-05-20","8.28",,"0.04","0.0","0.0","44","48","39","   20","   20","17.0","19.9"
"USW00094846","CHICAGO OHARE INTERNATIONAL AIRPORT, IL US","2015-05-21","9.84",,"0.00","0.0","0.0","52","69","45","  290","  320","18.1","25.1"
"USW00094846","CHICAGO OHARE INTERNATIONAL AIRPORT, IL US","2015-05-22","8.50",,"0.00","0.0","0.0","59","66","47","  350","  340","16.1","21.0"
"USW00094846","CHICAGO OHARE INTERNATIONAL AIRPORT, IL US","2015-05-23","7.61",,"0.00","0.0","0.0","62","80","46","  190","  180","19.9","23.0"
"USW00094846","CHICAGO OHARE INTERNATIONAL AIRPORT, IL US","2015-05-24","7.38",,"0.36","0.0","0.0","66","72","59","   90","  170","15.0","21.9"
"USW00094846","CHICAGO OHARE INTERNATIONAL AIRPORT, IL US","2015-05-25","15.21",,"0.07","0.0","0.0","70","78","65","  200","  220","25.9","36.0"
"USW00094846","CHICAGO OHARE INTERNATIONAL AIRPORT, IL US","2015-05-26","12.75",,"0.50","0.0","0.0","71","74","64","  200","  200","31.1","42.9"
"USW00094846","CHICAGO OHARE INTERNATIONAL AIRPORT, IL US","2015-05-27","10.74",,"0.00","0.0","0.0","68","74","59","  280","  290","23.0","28.0"
"USW00094846","CHICAGO OHARE INTERNATIONAL AIRPORT, IL US","2015-05-28","6.04",,"0.00","0.0","0.0","69","82","54","   90","   90","16.1","23.0"
"USW00094846","CHICAGO OHARE INTERNATIONAL AIRPORT, IL US","2015-05-29","9.84",,"0.20","0.0","0.0","72","81","63","  220","  220","25.1","38.9"
"USW00094846","CHICAGO OHARE INTERNATIONAL AIRPORT, IL US","2015-05-30","14.32",,"0.41","0.0","0.0","64","71","44","   20","   20","29.1","38.0"
"USW00094846","CHICAGO OHARE INTERNATIONAL AIRPORT, IL US","2015-05-31","16.11",,"0.00","0.0","0.0","47","55","42","   20","   30","25.9","33.1"
"USW00094846","CHICAGO OHARE INTERNATIONAL AIRPORT, IL US","2015-06-01","9.40",,"0.00","0.0","0.0","51","60","44","   50","   40","17.0","19.9"
"USW00094846","CHICAGO OHARE INTERNATIONAL AIRPORT, IL US","2015-06-02","5.37",,"0.00","0.0","0.0","56","70","42","  110","  120","15.0","21.0"
"USW00094846","CHICAGO OHARE INTERNATIONAL AIRPORT, IL US","2015-06-03","6.93",,"0.00","0.0","0.0","62","77","50","  130","  180","15.0","21.0"
"USW00094846","CHICAGO OHARE INTERNATIONAL AIRPORT, IL US","2015-06-04","7.38",,"0.00","0.0","0.0","68","81","57","  190","  190","14.1","19.0"
"USW00094846","CHICAGO OHARE INTERNATIONAL AIRPORT, IL US","2015-06-05","14.76",,"0.00","0.0","0.0","65","70","55","   10","   20","25.1","29.1"
"USW00094846","CHICAGO OHARE INTERNATIONAL AIRPORT, IL US","2015-06-06","8.28",,"0.00","0.0","0.0","60","71","52","   40","   60","14.1","19.9"
"USW00094846","CHICAGO OHARE INTERNATIONAL AIRPORT, IL US","2015-06-07","12.08",,"0.36","0.0","0.0","66","81","55","  210","  180","21.0","29.1"
"USW00094846","CHICAGO OHARE INTERNATIONAL AIRPORT, IL US","2015-06-08","11.41",,"0.04","0.0","0.0","73","84","61","  340","  340","28.0","35.1"
"USW00094846","CHICAGO OHARE INTERNATIONAL AIRPORT, IL US","2015-06-09","8.72",,"0.00","0.0","0.0","70","85","60","  230","  210","15.0","19.9"
"USW00094846","CHICAGO OHARE INTERNATIONAL AIRPORT, IL US","2015-06-10","11.41",,"0.00","0.0","0.0","80","92","68","  250","  250","23.0","31.1"
"USW00094846","CHICAGO OHARE INTERNATIONAL AIRPORT, IL US","2015-06-11","8.28",,"0.27","0.0","0.0","69","72","58","   40","   30","19.9","23.0"
"USW00094846","CHICAGO OHARE INTERNATIONAL AIRPORT, IL US","2015-06-12","8.28",,"0.13","0.0","0.0","62","67","56","   30","   20","16.1","19.9"
"USW00094846","CHICAGO OHARE INTERNATIONAL AIRPORT, IL US","2015-06-13","6.71",,"0.40","0.0","0.0","66","86","56","  130","  150","17.0","23.0"
"USW00094846","CHICAGO OHARE INTERNATIONAL AIRPORT, IL US","2015-06-14","6.93",,"0.60","0.0","0.0","73","83","68","  260","  230","17.0","23.0"
"USW00094846","CHICAGO OHARE INTERNATIONAL AIRPORT, IL US","2015-06-15","5.59",,"2.56","0.0","0.0","75","80","68","  350","  340","18.1","25.1"
"USW00094846","CHICAGO OHARE INTERNATIONAL AIRPORT, IL US","2015-06-16","10.29",,"0.00","0.0","0.0","69","72","56","   20",,"14.1",
"USW00094846","CHICAGO OHARE INTERNATIONAL AIRPORT, IL US","2015-06-17","4.70",,"0.14","0.0","0.0","61","72","56","  190","  360","8.9","11.0"
"USW00094846","CHICAGO OHARE INTERNATIONAL AIRPORT, IL US","2015-06-18","10.29",,"0.27","0.0","0.0","72","79","58","   10","   10","21.0","25.9"
"USW00094846","CHICAGO OHARE INTERNATIONAL AIRPORT, IL US","2015-06-19","10.29",,"0.00","0.0","0.0","61","67","54","   40","   40","16.1","23.9"
"USW00094846","CHICAGO OHARE INTERNATIONAL AIRPORT, IL US","2015-06-20","7.16",,"0.31","0.0","0.0","63","78","53","  160","  160","25.1","31.1"
"USW00094846","CHICAGO OHARE INTERNATIONAL AIRPORT, IL US","2015-06-21","8.28",,"0.00","0.0","0.0","74","84","67","  270","  260","16.1","21.0"
"USW00094846","CHICAGO OHARE INTERNATIONAL AIRPORT, IL US","2015-06-22","10.51",,"0.09","0.0","0.0","75","83","66","  200","  200","28.0","35.1"
"USW00094846","CHICAGO OHARE INTERNATIONAL AIRPORT, IL US","2015-06-23","9.84",,"0.00","0.0","0.0","75","82","63","  330","  330","21.9","29.1"
"USW00094846","CHICAGO OHARE INTERNATIONAL AIRPORT, IL US","2015-06-24","4.92",,"0.00","0.0","0.0","70","79","60","  270","  250","15.0","18.1"
"USW00094846","CHICAGO OHARE INTERNATIONAL AIRPORT, IL US","2015-06-25","7.16",,"1.01","0.0","0.0","71","79","61","  360","  350","15.0","21.0"
"USW00094846","CHICAGO OHARE INTERNATIONAL AIRPORT, IL US","2015-06-26","9.40",,"0.13","0.0","0.0","63","67","58","   40","   40","16.1","21.0"
"USW00094846","CHICAGO OHARE INTERNATIONAL AIRPORT, IL US","2015-06-27","8.95",,"0.00","0.0","0.0","64","76","56","   40","   40","19.9","23.9"
"USW00094846","CHICAGO OHARE INTERNATIONAL AIRPORT, IL US","2015-06-28","3.80",,"0.02","0.0","0.0","67","79","54","  180","  180","14.1","19.0"
"USW00094846","CHICAGO OHARE INTERNATIONAL AIRPORT, IL US","2015-06-29","4.03",,"0.62","0.0","0.0","68","75","64","   80","   90","13.0","16.1"
"USW00094846","CHICAGO OHARE INTERNATIONAL AIRPORT, IL US","2015-06-30","8.50",,"0.17","0.0","0.0","68","77","57","   40","  340","17.0","23.0"
"USW00094846","CHICAGO OHARE INTERNATIONAL AIRPORT, IL US","2015-07-01","7.38",,"0.00","0.0","0.0","61","69","54","   60","   30","14.1","21.9"
"USW00094846","CHICAGO OHARE INTERNATIONAL AIRPORT, IL US","2015-07-02","9.40",,"0.00","0.0","0.0","59","69","53","   40","   50","17.0","21.0"
"USW00094846","CHICAGO OHARE INTERNATIONAL AIRPORT, IL US","2015-07-03","4.47",,"0.00","0.0","0.0","64","77","55","   60","   60","12.1","14.1"
"USW00094846","CHICAGO OHARE INTERNATIONAL AIRPORT, IL US","2015-07-04","4.47",,"0.00","0.0","0.0","70","81","59","   70","  260","10.1","15.0"
"USW00094846","CHICAGO OHARE INTERNATIONAL AIRPORT, IL US","2015-07-05","5.14",,"0.00","0.0","0.0","72","83","60","  180","  210","13.0","17.0"
"USW00094846","CHICAGO OHARE INTERNATIONAL AIRPORT, IL US","2015-07-06","9.62",,"0.49","0.0","0.0","74","85","64","  280","  270","25.9","32.0"
"USW00094846","CHICAGO OHARE INTERNATIONAL AIRPORT, IL US","2015-07-07","14.32",,"0.27","0.0","0.0","67","71","55","   30","   20","25.1","32.0"
"USW00094846","CHICAGO OHARE INTERNATIONAL AIRPORT, IL US","2015-07-08","7.61",,"0.07","0.0","0.0","60","67","54","   70","   30","13.0","17.0"
"USW00094846","CHICAGO OHARE INTERNATIONAL AIRPORT, IL US","2015-07-09","7.16",,"0.00","0.0","0.0","64","77","58","   20","   10","14.1","16.1"
"USW00094846","CHICAGO OHARE INTERNATIONAL AIRPORT, IL US","2015-07-10","3.80",,"0.00","0.0","0.0","69","83","59","  100","   80","12.1","15.0"
"USW00094846","CHICAGO OHARE INTERNATIONAL AIRPORT, IL US","2015-07-11","5.14",,"0.03","0.0","0.0","70","78","61","  140","  190","13.0","18.1"
"USW00094846","CHICAGO OHARE INTERNATIONAL AIRPORT, IL US","2015-07-12","6.26",,"0.00","0.0","0.0","74","83","69","  130","  130","14.1","18.1"
"USW00094846","CHICAGO OHARE INTERNATIONAL AIRPORT, IL US","2015-07-13","9.62",,"0.42","0.0","0.0","76","86","68","  320","  320","32.0","40.0"
"USW00094846","CHICAGO OHARE INTERNATIONAL AIRPORT, IL US","2015-07-14","12.53",,"0.00","0.0","0.0","76","83","61","   10","   10","23.9","36.0"
"USW00094846","CHICAGO OHARE INTERNATIONAL AIRPORT, IL US","2015-07-15","8.50",,"0.00","0.0","0.0","66","75","59","   20","   10","16.1","19.0"
"USW00094846","CHICAGO OHARE INTERNATIONAL AIRPORT, IL US","2015-07-16","7.61",,"0.97","0.0","0.0","66","75","58","  150","  150","21.0","25.9"
"USW00094846","CHICAGO OHARE INTERNATIONAL AIRPORT, IL US","2015-07-17","8.05",,"0.06","0.0","0.0","77","92","71","  290","  260","23.0","33.1"
"USW00094846","CHICAGO OHARE INTERNATIONAL AIRPORT, IL US","2015-07-18","8.28",,"0.54","0.0","0.0","79","89","73","  150","   30","23.0","30.0"
"USW00094846","CHICAGO OHARE INTERNATIONAL AIRPORT, IL US","2015-07-19","8.28",,"0.00","0.0","0.0","79","85","65","  300","  320","21.0","27.1"
"USW00094846","CHICAGO OHARE INTERNATIONAL AIRPORT, IL US","2015-07-20","8.50",,"0.00","0.0","0.0","74","85","63","  260","  250","17.0","21.9"
"USW00094846","CHICAGO OHARE INTERNATIONAL AIRPORT, IL US","2015-07-21","8.50",,"0.00","0.0","0.0","75","82","65","  340","  330","18.1","21.9"
"USW00094846","CHICAGO OHARE INTERNATIONAL AIRPORT, IL US","2015-07-22","4.92",,"0.00","0.0","0.0","74","83","64","  100","   90","12.1","14.1"
"USW00094846","CHICAGO OHARE INTERNATIONAL AIRPORT, IL US","2015-07-23","4.03",,"0.00","0.0","0.0","74","85","63","  100","   40","12.1","16.1"
"USW00094846","CHICAGO OHARE INTERNATIONAL AIRPORT, IL US","2015-07-24","6.71",,"0.00","0.0","0.0","75","84","64","  200","  210","18.1","25.9"
"USW00094846","CHICAGO OHARE INTERNATIONAL AIRPORT, IL US","2015-07-25","7.83",,"0.00","0.0","0.0","80","91","69","   60","   70","16.1","19.9"
"USW00094846","CHICAGO OHARE INTERNATIONAL AIRPORT, IL US","2015-07-26","4.92",,"0.00","0.0","0.0","75","80","64","   70","   40","12.1","17.0"
"USW00094846","CHICAGO OHARE INTERNATIONAL AIRPORT, IL US","2015-07-27","8.50",,"0.00","0.0","0.0","77","88","67","  110","  110","17.0","21.9"
"USW00094846","CHICAGO OHARE INTERNATIONAL AIRPORT, IL US","2015-07-28","5.82",,"0.00","0.0","0.0","79","91","67","  140","  130","17.0","23.0"
"USW00094846","CHICAGO OHARE INTERNATIONAL AIRPORT, IL US","2015-07-29","10.96",,"0.00","0.0","0.0","81","88","70","  330","  280","21.0","25.9"
"USW00094846","CHICAGO OHARE INTERNATIONAL AIRPORT, IL US","2015-07-30","11.63",,"0.00","0.0","0.0","77","88","65","  300","  320","23.0","28.0"
"USW00094846","CHICAGO OHARE INTERNATIONAL AIRPORT, IL US","2015-07-31","12.30",,"0.00","0.0","0.0","78","87","67","  320","  320","25.9","34.0"
"USW00094846","CHICAGO OHARE INTERNATIONAL AIRPORT, IL US","2015-08-01","10.96",,"0.00","0.0","0.0","76","87","64","  250","  260","21.9","30.0"
"USW00094846","CHICAGO OHARE INTERNATIONAL AIRPORT, IL US","2015-08-02","13.87",,"0.53","0.0","0.0","80","91","67","  260","  270","36.9","52.1"
"USW00094846","CHICAGO OHARE INTERNATIONAL AIRPORT, IL US","2015-08-03","9.84",,"0.00","0.0","0.0","76","82","67","  310","  320","19.9","25.9"
"USW00094846","CHICAGO OHARE INTERNATIONAL AIRPORT, IL US","2015-08-04","7.61",,"0.00","0.0","0.0","72","82","61","  290","  290","18.1","23.0"
"USW00094846","CHICAGO OHARE INTERNATIONAL AIRPORT, IL US","2015-08-05","6.04",,"0.00","0.0","0.0","73","82","61","   70","   60","16.1","19.9"
"USW00094846","CHICAGO OHARE INTERNATIONAL AIRPORT, IL US","2015-08-06","7.16",,"0.00","0.0","0.0","73","83","64","   70","  100","14.1","18.1"
"USW00094846","CHICAGO OHARE INTERNATIONAL AIRPORT, IL US","2015-08-07","8.50",,"0.00","0.0","0.0","73","83","63","  190","  160","18.1","23.0"
"USW00094846","CHICAGO OHARE INTERNATIONAL AIRPORT, IL US","2015-08-08","7.16",,"0.00","0.0","0.0","75","82","68","  330","  330","17.0","19.0"
"USW00094846","CHICAGO OHARE INTERNATIONAL AIRPORT, IL US","2015-08-09","4.70",,"0.00","0.0","0.0","72","80","67","  180","  170","14.1","18.1"
"USW00094846","CHICAGO OHARE INTERNATIONAL AIRPORT, IL US","2015-08-10","6.04",,"0.02","0.0","0.0","75","84","68","   10","   10","23.0","28.0"
"USW00094846","CHICAGO OHARE INTERNATIONAL AIRPORT, IL US","2015-08-11","6.71",,"0.00","0.0","0.0","73","82","65","   40","   60","18.1","21.9"
"USW00094846","CHICAGO OHARE INTERNATIONAL AIRPORT, IL US","2015-08-12","4.92",,"0.00","0.0","0.0","71","81","61","   50","   60","14.1","17.0"
"USW00094846","CHICAGO OHARE INTERNATIONAL AIRPORT, IL US","2015-08-13","9.84",,"0.00","0.0","0.0","74","85","65","  240","  250","18.1","25.9"
"USW00094846","CHICAGO OHARE INTERNATIONAL AIRPORT, IL US","2015-08-14","9.84",,"0.21","0.0","0.0","78","90","67","  350","  320","29.1","40.0"
"USW00094846","CHICAGO OHARE INTERNATIONAL AIRPORT, IL US","2015-08-15","5.37",,"0.14","0.0","0.0","77","92","67","  180","  300","18.1","21.9"
"USW00094846","CHICAGO OHARE INTERNATIONAL AIRPORT, IL US","2015-08-16","6.71",,"0.00","0.0","0.0","79","89","71","  200","  200","17.0","23.0"
"USW00094846","CHICAGO OHARE INTERNATIONAL AIRPORT, IL US","2015-08-17","7.16",,"0.12","0.0","0.0","79","88","68","  180","  190","23.0","30.0"
"USW00094846","CHICAGO OHARE INTERNATIONAL AIRPORT, IL US","2015-08-18","8.72",,"0.40","0.0","0.0","74","83","67","  180","  180","25.9","32.0"
"USW00094846","CHICAGO OHARE INTERNATIONAL AIRPORT, IL US","2015-08-19","13.42",,"0.00","0.0","0.0","72","75","62","  220","  250","21.9","31.1"
"USW00094846","CHICAGO OHARE INTERNATIONAL AIRPORT, IL US","2015-08-20","13.87",,"0.00","0.0","0.0","65","74","59","  280","  290","25.9","35.1"
"USW00094846","CHICAGO OHARE INTERNATIONAL AIRPORT, IL US","2015-08-21","8.05",,"0.00","0.0","0.0","69","82","55","  180","  190","17.0","23.0"
"USW00094846","CHICAGO OHARE INTERNATIONAL AIRPORT, IL US","2015-08-22","10.51",,"0.00","0.0","0.0","72","81","60","  180","  160","21.9","30.0"
"USW00094846","CHICAGO OHARE INTERNATIONAL AIRPORT, IL US","2015-08-23","11.41",,"0.00","0.0","0.0","71","77","61","  280","  290","23.9","34.0"
"USW00094846","CHICAGO OHARE INTERNATIONAL AIRPORT, IL US","2015-08-24","14.09",,"0.00","0.0","0.0","65","75","55","  260","  250","29.1","36.0"
"USW00094846","CHICAGO OHARE INTERNATIONAL AIRPORT, IL US","2015-08-25","8.50",,"0.00","0.0","0.0","63","72","59","  330","  310","16.1","19.9"
"USW00094846","CHICAGO OHARE INTERNATIONAL AIRPORT, IL US","2015-08-26","6.26",,"0.00","0.0","0.0","62","67","56","  340","  340","12.1","14.1"
"USW00094846","CHICAGO OHARE INTERNATIONAL AIRPORT, IL US","2015-08-27","4.25",,"0.00","0.0","0.0","63","76","51","  110","  110","16.1","21.0"
"USW00094846","CHICAGO OHARE INTERNATIONAL AIRPORT, IL US","2015-08-28","5.14",,"0.00","0.0","0.0","65","72","56","  100","  240","12.1","14.1"
"USW00094846","CHICAGO OHARE INTERNATIONAL AIRPORT, IL US","2015-08-29","6.04",,"0.74","0.0","0.0","68","70","63","   30","  130","13.0","16.1"
"USW00094846","CHICAGO OHARE INTERNATIONAL AIRPORT, IL US","2015-08-30","4.03",,"0.00","0.0","0.0","68","77","62","  100","   70","8.9","15.0"
"USW00094846","CHICAGO OHARE INTERNATIONAL AIRPORT, IL US","2015-08-31","2.68",,"0.00","0.0","0.0","71","85","60","  230","  210","13.0","18.1"
"USW00094846","CHICAGO OHARE INTERNATIONAL AIRPORT, IL US","2015-09-01","6.71",,"0.00","0.0","0.0","78","88","68","  210","  200","16.1","21.9"
"USW00094846","CHICAGO OHARE INTERNATIONAL AIRPORT, IL US","2015-09-02","7.38",,"0.00","0.0","0.0","80","90","72","  210","  220","18.1","23.0"
"USW00094846","CHICAGO OHARE INTERNATIONAL AIRPORT, IL US","2015-09-03","8.95",,"0.00","0.0","0.0","81","91","71","   50","   40","21.0","23.9"
"USW00094846","CHICAGO OHARE INTERNATIONAL AIRPORT, IL US","2015-09-04","5.37",,"0.00","0.0","0.0","74","85","68","   70","   70","14.1","17.0"
"USW00094846","CHICAGO OHARE INTERNATIONAL AIRPORT, IL US","2015-09-05","7.16",,"0.00","0.0","0.0","75","87","69","  150","  170","16.1","19.9"
"USW00094846","CHICAGO OHARE INTERNATIONAL AIRPORT, IL US","2015-09-06","9.62",,"0.00","0.0","0.0","80","92","70","  200","  190","19.9","27.1"
"USW00094846","CHICAGO OHARE INTERNATIONAL AIRPORT, IL US","2015-09-07","6.71",,"0.00","0.0","0.0","81","88","76","  210","  200","14.1","17.0"
"USW00094846","CHICAGO OHARE INTERNATIONAL AIRPORT, IL US","2015-09-08","8.50",,"1.04","0.0","0.0","77","81","68","  270","  260","28.0","35.1"
"USW00094846","CHICAGO OHARE INTERNATIONAL AIRPORT, IL US","2015-09-09","6.26",,"0.00","0.0","0.0","70","77","58","   20","   40","14.1","21.9"
"USW00094846","CHICAGO OHARE INTERNATIONAL AIRPORT, IL US","2015-09-10","5.59",,"0.21","0.0","0.0","64","74","54","  320","  320","21.9","27.1"
"USW00094846","CHICAGO OHARE INTERNATIONAL AIRPORT, IL US","2015-09-11","10.74",,"0.17","0.0","0.0","62","67","54","  320","  330","23.9","29.1"
"USW00094846","CHICAGO OHARE INTERNATIONAL AIRPORT, IL US","2015-09-12","10.51",,"0.00","0.0","0.0","58","65","50","   40","   30","19.9","23.9"
"USW00094846","CHICAGO OHARE INTERNATIONAL AIRPORT, IL US","2015-09-13","7.38",,"0.00","0.0","0.0","58","70","48","  290","  270","17.0","23.0"
"USW00094846","CHICAGO OHARE INTERNATIONAL AIRPORT, IL US","2015-09-14","12.97",,"0.00","0.0","0.0","65","82","52","  200","  180","23.9","31.1"
"USW00094846","CHICAGO OHARE INTERNATIONAL AIRPORT, IL US","2015-09-15","11.41",,"0.00","0.0","0.0","73","82","62","  170","  170","21.0","25.9"
"USW00094846","CHICAGO OHARE INTERNATIONAL AIRPORT, IL US","2015-09-16","11.18",,"0.00","0.0","0.0","71","83","56","  190","  190","21.0","25.9"
"USW00094846","CHICAGO OHARE INTERNATIONAL AIRPORT, IL US","2015-09-17","11.41",,"0.36","0.0","0.0","72","85","61","  270","  280","36.9","48.1"
"USW00094846","CHICAGO OHARE INTERNATIONAL AIRPORT, IL US","2015-09-18","7.16",,"2.41","0.0","0.0","72","74","65","  300","  310","31.1","42.9"
"USW00094846","CHICAGO OHARE INTERNATIONAL AIRPORT, IL US","2015-09-19","9.84",,"0.05","0.0","0.0","65","71","53","  320","  330","28.0","33.1"
"USW00094846","CHICAGO OHARE INTERNATIONAL AIRPORT, IL US","2015-09-20","4.47",,"0.00","0.0","0.0","60","73","50","  100","  110","14.1","17.0"
"USW00094846","CHICAGO OHARE INTERNATIONAL AIRPORT, IL US","2015-09-21","5.14",,"0.00","0.0","0.0","62","74","52","   90","  100","14.1","19.9"
"USW00094846","CHICAGO OHARE INTERNATIONAL AIRPORT, IL US","2015-09-22","3.58",,"0.00","0.0","0.0","65","80","53","  100","  190","10.1","12.1"
"USW00094846","CHICAGO OHARE INTERNATIONAL AIRPORT, IL US","2015-09-23","4.25",,"0.00","0.0","0.0","68","80","57","   70","  100","14.1","17.0"
"USW00094846","CHICAGO OHARE INTERNATIONAL AIRPORT, IL US","2015-09-24","5.59",,"0.00","0.0","0.0","67","76","56","   50","  180","12.1","19.0"
"USW00094846","CHICAGO OHARE INTERNATIONAL AIRPORT, IL US","2015-09-25","8.72",,"0.00","0.0","0.0","65","73","60","   40","   40","18.1","21.9"
"USW00094846","CHICAGO OHARE INTERNATIONAL AIRPORT, IL US","2015-09-26","7.61",,"0.00","0.0","0.0","67","75","60","  100","   60","15.0","19.0"
"USW00094846","CHICAGO OHARE INTERNATIONAL AIRPORT, IL US","2015-09-27","7.16",,"0.00","0.0","0.0","67","74","61","  140","  120","12.1","14.1"
"USW00094846","CHICAGO OHARE INTERNATIONAL AIRPORT, IL US","2015-09-28","4.25",,"0.00","0.0","0.0","70","77","64","  190","  190","12.1","14.1"
"USW00094846","CHICAGO OHARE INTERNATIONAL AIRPORT, IL US","2015-09-29","14.54",,"0.40","0.0","0.0","64","68","55","   20","   20","29.1","34.0"
"USW00094846","CHICAGO OHARE INTERNATIONAL AIRPORT, IL US","2015-09-30","15.43",,"0.00","0.0","0.0","57","61","52","   20","   20","25.1","33.1"
"USW00094846","CHICAGO OHARE INTERNATIONAL AIRPORT, IL US","2015-10-01","18.12",,"0.00","0.0","0.0","55","59","52","   40","   40","28.0","36.0"
"USW00094846","CHICAGO OHARE INTERNATIONAL AIRPORT, IL US","2015-10-02","19.01",,"0.00","0.0","0.0","55","60","51","   50","   50","25.1","38.0"
"USW00094846","CHICAGO OHARE INTERNATIONAL AIRPORT, IL US","2015-10-03","17.00",,"0.01","0.0","0.0","52","54","48","   50","   60","25.1","36.9"
"USW00094846","CHICAGO OHARE INTERNATIONAL AIRPORT, IL US","2015-10-04","11.41",,"0.00","0.0","0.0","52","57","50","   50","   60","17.0","25.1"
"USW00094846","CHICAGO OHARE INTERNATIONAL AIRPORT, IL US","2015-10-05","6.93",,"0.00","0.0","0.0","57","60","55","   50","   40","10.1","19.0"
"USW00094846","CHICAGO OHARE INTERNATIONAL AIRPORT, IL US","2015-10-06","4.92",,"0.00","0.0","0.0","60","71","55","  140","  110","12.1","19.0"
"USW00094846","CHICAGO OHARE INTERNATIONAL AIRPORT, IL US","2015-10-07","7.38",,"0.00","0.0","0.0","62","71","54","   50","   50","15.0","19.0"
"USW00094846","CHICAGO OHARE INTERNATIONAL AIRPORT, IL US","2015-10-08","8.28",,"0.05","0.0","0.0","62","77","50","  220","  200","21.0","25.9"
"USW00094846","CHICAGO OHARE INTERNATIONAL AIRPORT, IL US","2015-10-09","10.51",,"0.00","0.0","0.0","60","64","47","  340","  350","19.9","25.1"
"USW00094846","CHICAGO OHARE INTERNATIONAL AIRPORT, IL US","2015-10-10","5.82",,"0.00","0.0","0.0","53","65","42","  220","  250","15.0","19.9"
"USW00094846","CHICAGO OHARE INTERNATIONAL AIRPORT, IL US","2015-10-11","12.75",,"0.00","0.0","0.0","62","79","51","  200","  200","23.0","29.1"
"USW00094846","CHICAGO OHARE INTERNATIONAL AIRPORT, IL US","2015-10-12","15.43",,"0.00","0.0","0.0","67","75","53","  280","  280","31.1","40.9"
"USW00094846","CHICAGO OHARE INTERNATIONAL AIRPORT, IL US","2015-10-13","11.63",,"0.00","0.0","0.0","56","63","47","  290","  310","23.0","30.0"
"USW00094846","CHICAGO OHARE INTERNATIONAL AIRPORT, IL US","2015-10-14","8.05",,"0.00","0.0","0.0","52","63","42","  290","  290","17.0","21.0"
"USW00094846","CHICAGO OHARE INTERNATIONAL AIRPORT, IL US","2015-10-15","11.18",,"0.00","0.0","0.0","55","69","46","  320","  280","33.1","44.1"
"USW00094846","CHICAGO OHARE INTERNATIONAL AIRPORT, IL US","2015-10-16","11.18",,"0.00","0.0","0.0","49","55","37","  320","  280","21.0","25.9"
"USW00094846","CHICAGO OHARE INTERNATIONAL AIRPORT, IL US","2015-10-17","9.17",,"0.00","0.0","0.0","42","53","33","  310","  310","21.0","25.1"
"USW00094846","CHICAGO OHARE INTERNATIONAL AIRPORT, IL US","2015-10-18","5.82",,"0.00","0.0","0.0","45","60","33","  310","  310","12.1","14.1"
"USW00094846","CHICAGO OHARE INTERNATIONAL AIRPORT, IL US","2015-10-19","18.79",,"0.00","0.0","0.0","55","73","47","  210","  210","28.0","38.0"
"USW00094846","CHICAGO OHARE INTERNATIONAL AIRPORT, IL US","2015-10-20","10.07",,"0.11","0.0","0.0","64","74","57","  210","  230","19.9","27.1"
"USW00094846","CHICAGO OHARE INTERNATIONAL AIRPORT, IL US","2015-10-21","10.74",,"0.01","0.0","0.0","63","75","52","  230","  210","21.9","28.0"
"USW00094846","CHICAGO OHARE INTERNATIONAL AIRPORT, IL US","2015-10-22","7.16",,"0.00","0.0","0.0","60","62","51","   30","   60","13.0","19.0"
"USW00094846","CHICAGO OHARE INTERNATIONAL AIRPORT, IL US","2015-10-23","11.63",,"0.16","0.0","0.0","55","64","52","  130","  120","18.1","23.0"
"USW00094846","CHICAGO OHARE INTERNATIONAL AIRPORT, IL US","2015-10-24","14.32",,"0.30","0.0","0.0","62","66","46","  270","  270","25.9","36.9"
"USW00094846","CHICAGO OHARE INTERNATIONAL AIRPORT, IL US","2015-10-25","4.03",,"0.00","0.0","0.0","51","62","41","  330","  330","13.0","17.0"
"USW00094846","CHICAGO OHARE INTERNATIONAL AIRPORT, IL US","2015-10-26","5.82",,"0.00","0.0","0.0","49","61","37","  110","   70","14.1","18.1"
"USW00094846","CHICAGO OHARE INTERNATIONAL AIRPORT, IL US","2015-10-27","13.42",,"0.49","0.0","0.0","53","56","50","  110","  110","25.9","32.0"
"USW00094846","CHICAGO OHARE INTERNATIONAL AIRPORT, IL US","2015-10-28","14.99",,"0.33","0.0","0.0","53","56","37","  280","  270","31.1","42.1"
"USW00094846","CHICAGO OHARE INTERNATIONAL AIRPORT, IL US","2015-10-29","15.43",,"0.00","0.0","0.0","41","47","36","  270","  250","28.0","36.9"
"USW00094846","CHICAGO OHARE INTERNATIONAL AIRPORT, IL US","2015-10-30","6.71",,"0.00","0.0","0.0","45","56","36","  180","  180","15.0","18.1"
"USW00094846","CHICAGO OHARE INTERNATIONAL AIRPORT, IL US","2015-10-31","11.41",,"0.77","0.0","0.0","47","52","45","  270","  270","21.9","28.0"
"USW00094846","CHICAGO OHARE INTERNATIONAL AIRPORT, IL US","2015-11-01","10.29",,"0.00","0.0","0.0","53","63","44","  250","  250","19.9","23.0"
"USW00094846","CHICAGO OHARE INTERNATIONAL AIRPORT, IL US","2015-11-02","10.51",,"0.00","0.0","0.0","58","72","47","  210","  220","21.9","29.1"
"USW00094846","CHICAGO OHARE INTERNATIONAL AIRPORT, IL US","2015-11-03","6.26",,"0.00","0.0","0.0","58","70","44","  180","  170","17.0","21.9"
"USW00094846","CHICAGO OHARE INTERNATIONAL AIRPORT, IL US","2015-11-04","8.28",,"0.00","0.0","0.0","58","71","48","  200","  200","18.1","23.0"
"USW00094846","CHICAGO OHARE INTERNATIONAL AIRPORT, IL US","2015-11-05","16.11",,"0.00","0.0","0.0","64","70","59","  200","  190","31.1","40.9"
"USW00094846","CHICAGO OHARE INTERNATIONAL AIRPORT, IL US","2015-11-06","14.76",,"0.16","0.0","0.0","56","65","41","  270","  260","30.0","38.9"
"USW00094846","CHICAGO OHARE INTERNATIONAL AIRPORT, IL US","2015-11-07","9.62",,"0.00","0.0","0.0","44","53","35","  290","  270","21.9","28.0"
"USW00094846","CHICAGO OHARE INTERNATIONAL AIRPORT, IL US","2015-11-08","4.25",,"0.00","0.0","0.0","41","52","28","  210","  210","13.0","16.1"
"USW00094846","CHICAGO OHARE INTERNATIONAL AIRPORT, IL US","2015-11-09","2.24",,"0.00","0.0","0.0","42","56","29","   90","   50","10.1","13.0"
"USW00094846","CHICAGO OHARE INTERNATIONAL AIRPORT, IL US","2015-11-10","3.80",,"0.00","0.0","0.0","45","56","32","  230","  240","10.1","12.1"
"USW00094846","CHICAGO OHARE INTERNATIONAL AIRPORT, IL US","2015-11-11","14.32",,"0.42","0.0","0.0","48","63","36","  170","  150","36.0","46.1"
"USW00094846","CHICAGO OHARE INTERNATIONAL AIRPORT, IL US","2015-11-12","23.49",,"0.00","0.0","0.0","48","56","42","  250","  240","36.0","50.1"
"USW00094846","CHICAGO OHARE INTERNATIONAL AIRPORT, IL US","2015-11-13","15.21",,"0.00","0.0","0.0","42","47","32","  290","  280","31.1","42.9"
"USW00094846","CHICAGO OHARE INTERNATIONAL AIRPORT, IL US","2015-11-14","8.50",,"0.00","0.0","0.0","39","57","25","  200","  210","21.0","25.9"
"USW00094846","CHICAGO OHARE INTERNATIONAL AIRPORT, IL US","2015-11-15","10.29",,"0.00","0.0","0.0","53","64","44","  220","  230","19.9","25.1"
"USW00094846","CHICAGO OHARE INTERNATIONAL AIRPORT, IL US","2015-11-16","12.08",,"0.12","0.0","0.0","52","57","43","  180","  180","23.9","29.1"
"USW00094846","CHICAGO OHARE INTERNATIONAL AIRPORT, IL US","2015-11-17","17.67",,"0.63","0.0","0.0","51","61","47","  170","  170","28.0","35.1"
"USW00094846","CHICAGO OHARE INTERNATIONAL AIRPORT, IL US","2015-11-18","20.80",,"0.20","0.0","0.0","58","62","47","  190","  200","38.0","49.0"
"USW00094846","CHICAGO OHARE INTERNATIONAL AIRPORT, IL US","2015-11-19","18.79",,"0.00","0.0","0.0","45","47","35","  250","  240","33.1","46.1"
"USW00094846","CHICAGO OHARE INTERNATIONAL AIRPORT, IL US","2015-11-20","8.50",,"0.28","4.2","0.0","36","40","31","  280","   60","17.0","23.0"
"USW00094846","CHICAGO OHARE INTERNATIONAL AIRPORT, IL US","2015-11-21","12.08",,"1.16","7.0","5.1","32","33","18","  340","  330","29.1","36.0"
"USW00094846","CHICAGO OHARE INTERNATIONAL AIRPORT, IL US","2015-11-22","8.95",,"0.00","0.0","7.1","19","27","7","  180","  180","18.1","21.9"
"USW00094846","CHICAGO OHARE INTERNATIONAL AIRPORT, IL US","2015-11-23","9.17",,"0.00","0.0","7.1","28","37","25","  250","  240","14.1","17.0"
"USW00094846","CHICAGO OHARE INTERNATIONAL AIRPORT, IL US","2015-11-24","6.71",,"0.00","0.0","5.1","32","41","21","  140","  140","14.1","16.1"
"USW00094846","CHICAGO OHARE INTERNATIONAL AIRPORT, IL US","2015-11-25","14.99",,"0.00","0.0","3.9","38","52","29","  190","  190","25.9","35.1"
"USW00094846","CHICAGO OHARE INTERNATIONAL AIRPORT, IL US","2015-11-26","15.66",,"0.42","0.0","0.0","52","60","48","  210","  210","23.9","33.1"
"USW00094846","CHICAGO OHARE INTERNATIONAL AIRPORT, IL US","2015-11-27","15.66",,"0.84","0.0","0.0","45","56","34","   20","   30","25.1","31.1"
"USW00094846","CHICAGO OHARE INTERNATIONAL AIRPORT, IL US","2015-11-28","10.07",,"0.00","0.0","0.0","35","38","30","   20","   40","17.0","21.9"
"USW00094846","CHICAGO OHARE INTERNATIONAL AIRPORT, IL US","2015-11-29","7.61",,"0.00","0.0","0.0","33","41","25","   50","   70","14.1","19.9"
"USW00094846","CHICAGO OHARE INTERNATIONAL AIRPORT, IL US","2015-11-30","10.74",,"0.26","0.0","0.0","40","44","38","  120","  120","23.0","28.0"
"USW00094846","CHICAGO OHARE INTERNATIONAL AIRPORT, IL US","2015-12-01","10.51",,"0.18","0.0","0.0","42","43","37","  240","  230","21.0","29.1"
"USW00094846","CHICAGO OHARE INTERNATIONAL AIRPORT, IL US","2015-12-02","8.50",,"0.21","1.3","0.0","35","38","31","  310","  310","17.0","21.9"
"USW00094846","CHICAGO OHARE INTERNATIONAL AIRPORT, IL US","2015-12-03","10.74",,"0.00","0.0","0.0","33","35","30","  260","  240","17.0","21.9"
"USW00094846","CHICAGO OHARE INTERNATIONAL AIRPORT, IL US","2015-12-04","8.50",,"0.00","0.0","0.0","37","47","32","  230","  230","17.0","21.0"
"USW00094846","CHICAGO OHARE INTERNATIONAL AIRPORT, IL US","2015-12-05","7.83",,"0.00","0.0","0.0","36","46","29","  170","  200","13.0","18.1"
"USW00094846","CHICAGO OHARE INTERNATIONAL AIRPORT, IL US","2015-12-06","5.14",,"0.00","0.0","0.0","36","47","27","  140","  140","12.1","14.1"
"USW00094846","CHICAGO OHARE INTERNATIONAL AIRPORT, IL US","2015-12-07","6.93",,"0.00","0.0","0.0","34","39","27","  180","  180","18.1","23.0"
"USW00094846","CHICAGO OHARE INTERNATIONAL AIRPORT, IL US","2015-12-08","10.96",,"0.00","0.0","0.0","40","47","38","  190","  200","18.1","21.9"
"USW00094846","CHICAGO OHARE INTERNATIONAL AIRPORT, IL US","2015-12-09","8.28",,"0.00","0.0","0.0","46","52","40","  250","  240","16.1","19.0"
"USW00094846","CHICAGO OHARE INTERNATIONAL AIRPORT, IL US","2015-12-10","17.00",,"0.00","0.0","0.0","48","57","41","  250","  250","35.1","44.1"
"USW00094846","CHICAGO OHARE INTERNATIONAL AIRPORT, IL US","2015-12-11","7.61",,"0.00","0.0","0.0","46","51","41","  250","  250","17.0","23.0"
"USW00094846","CHICAGO OHARE INTERNATIONAL AIRPORT, IL US","2015-12-12","3.36",,"0.00","0.0","0.0","50","57","47","   70","   60","10.1","17.0"
"USW00094846","CHICAGO OHARE INTERNATIONAL AIRPORT, IL US","2015-12-13","13.65",,"0.85","0.0","0.0","55","61","48","  190","  160","28.0","35.1"
"USW00094846","CHICAGO OHARE INTERNATIONAL AIRPORT, IL US","2015-12-14","15.88",,"0.39","0.0","0.0","55","61","42","  220","  210","35.1","48.1"
"USW00094846","CHICAGO OHARE INTERNATIONAL AIRPORT, IL US","2015-12-15","9.84",,"0.00","0.0","0.0","41","43","39","  150","  150","18.1","23.0"
"USW00094846","CHICAGO OHARE INTERNATIONAL AIRPORT, IL US","2015-12-16","16.33",,"0.12","0.0","0.0","43","53","35","  260","  250","25.9","36.9"
"USW00094846","CHICAGO OHARE INTERNATIONAL AIRPORT, IL US","2015-12-17","14.32",,"0.00","0.0","0.0","33","35","28","  260","  280","23.9","33.1"
"USW00094846","CHICAGO OHARE INTERNATIONAL AIRPORT, IL US","2015-12-18","13.20",,"0.00","0.2","0.0","28","32","24","  290","  290","29.1","36.0"
"USW00094846","CHICAGO OHARE INTERNATIONAL AIRPORT, IL US","2015-12-19","11.41",,"0.00","0.0","0.0","23","30","15","  280","  280","21.0","25.9"
"USW00094846","CHICAGO OHARE INTERNATIONAL AIRPORT, IL US","2015-12-20","16.33",,"0.03","0.0","0.0","34","50","23","  200","  200","28.0","36.9"
"USW00094846","CHICAGO OHARE INTERNATIONAL AIRPORT, IL US","2015-12-21","11.63",,"0.67","0.0","0.0","46","52","41","  210","  190","23.0","30.0"
"USW00094846","CHICAGO OHARE INTERNATIONAL AIRPORT, IL US","2015-12-22","8.95",,"0.02","0.0","0.0","39","41","35","  150","  150","21.0","23.9"
"USW00094846","CHICAGO OHARE INTERNATIONAL AIRPORT, IL US","2015-12-23","17.22",,"0.49","0.0","0.0","47","59","40","  250","  250","38.9","53.0"
"USW00094846","CHICAGO OHARE INTERNATIONAL AIRPORT, IL US","2015-12-24","11.63",,"0.00","0.0","0.0","42","42","34","  260","  260","31.1","40.9"
"USW00094846","CHICAGO OHARE INTERNATIONAL AIRPORT, IL US","2015-12-25","8.05",,"0.00","0.0","0.0","38","44","32","   50","   40","17.0","23.0"
"USW00094846","CHICAGO OHARE INTERNATIONAL AIRPORT, IL US","2015-12-26","10.07",,"0.21","0.0","0.0","39","42","37","  100","   30","23.0","27.1"
"USW00094846","CHICAGO OHARE INTERNATIONAL AIRPORT, IL US","2015-12-27","17.22",,"0.14","0.0","0.0","38","40","35","   20","   20","25.1","35.1"
"USW00094846","CHICAGO OHARE INTERNATIONAL AIRPORT, IL US","2015-12-28","19.01",,"1.47","1.9","0.0","33","39","31","   60","   70","31.1","42.1"
"USW00094846","CHICAGO OHARE INTERNATIONAL AIRPORT, IL US","2015-12-29","11.41",,"0.00","0.0","1.2","33","39","29","  230","  240","21.0","27.1"
"USW00094846","CHICAGO OHARE INTERNATIONAL AIRPORT, IL US","2015-12-30","8.72",,"0.09","1.1","1.2","29","29","27","  260","  270","15.0","18.1"
"USW00094846","CHICAGO OHARE INTERNATIONAL AIRPORT, IL US","2015-12-31","13.42",,"0.00","0.0","1.0","26","28","22","  260","  290","19.9","25.9"
